{
    "rnn_relu_adam_seq50_clip1.0": {
        "train_loss": [
            0.6928663583820128,
            0.6767948573964941,
            0.6465269901868328,
            0.6180389868405164,
            0.5817476590652295,
            0.5458302666311678,
            0.5138039113120045,
            0.48127291410627876,
            0.4463969436295502,
            0.42655872256325944
        ],
        "train_acc": [
            0.52152,
            0.58192,
            0.6388,
            0.67388,
            0.71432,
            0.74376,
            0.76688,
            0.79092,
            0.81188,
            0.82644
        ],
        "val_loss": [
            0.6812695868484809,
            0.6623152656018582,
            0.6504337796012459,
            0.6372894375677913,
            0.6059668725332641,
            0.6094412178639561,
            0.6481683897545271,
            0.5982942655873116,
            0.6171195768867918,
            0.6248112958486732
        ],
        "val_acc": [
            0.56632,
            0.61184,
            0.6272,
            0.66052,
            0.69148,
            0.69236,
            0.66956,
            0.71636,
            0.70772,
            0.7072
        ],
        "epoch_time": [
            2.9399540424346924,
            2.493398904800415,
            2.6061971187591553,
            2.4278299808502197,
            2.6594326496124268,
            2.661945343017578,
            2.5220766067504883,
            2.746450901031494,
            3.946335792541504,
            2.486588478088379
        ]
    },
    "lstm_relu_adam_seq50_clip1.0": {
        "train_loss": [
            0.6751971051211247,
            0.567569847225838,
            0.47284560900210115,
            0.40508709853643654,
            0.3483907670220908,
            0.2925998468685638,
            0.24705852176565343,
            0.20062820906596035,
            0.16080698406781116,
            0.136289063687472
        ],
        "train_acc": [
            0.57424,
            0.7166,
            0.78408,
            0.82612,
            0.85632,
            0.8856,
            0.9088,
            0.93068,
            0.94876,
            0.96016
        ],
        "val_loss": [
            0.6426780982243131,
            0.5454842102573351,
            0.5164204499758113,
            0.5150637431141666,
            0.5194550442040119,
            0.5698626938721408,
            0.6182594734537022,
            0.6924715334992579,
            0.7696424579567007,
            0.8358480706810951
        ],
        "val_acc": [
            0.63508,
            0.73012,
            0.7454,
            0.76248,
            0.76408,
            0.7634,
            0.76476,
            0.7618,
            0.75656,
            0.75436
        ],
        "epoch_time": [
            2.8485543727874756,
            2.7617106437683105,
            2.6216938495635986,
            2.6981189250946045,
            2.7161993980407715,
            2.894279956817627,
            2.8895955085754395,
            2.7981679439544678,
            2.8452839851379395,
            2.899109363555908
        ]
    },
    "bilstm_relu_adam_seq50_clip1.0": {
        "train_loss": [
            0.6594082037811084,
            0.54961561146752,
            0.46051309873228485,
            0.3883073608512464,
            0.32276709636916284,
            0.26455933133335524,
            0.21288963432526192,
            0.16564068929208894,
            0.12928343022032582,
            0.09884246491679392
        ],
        "train_acc": [
            0.60028,
            0.72836,
            0.78668,
            0.83136,
            0.86696,
            0.89512,
            0.9188,
            0.93984,
            0.95592,
            0.96936
        ],
        "val_loss": [
            0.6039544778787876,
            0.5419614039113759,
            0.5244527226480682,
            0.51972914734841,
            0.5862959684122859,
            0.5745709280261908,
            0.714024421351645,
            0.8331755848072678,
            0.8555381283202135,
            0.8884490544114576
        ],
        "val_acc": [
            0.68568,
            0.72976,
            0.75104,
            0.76632,
            0.76276,
            0.76764,
            0.75592,
            0.7576,
            0.7562,
            0.7524
        ],
        "epoch_time": [
            3.527623414993286,
            3.313671827316284,
            3.298233985900879,
            3.2910053730010986,
            3.34063982963562,
            3.310532808303833,
            3.2663354873657227,
            3.3561887741088867,
            3.253556489944458,
            3.4809467792510986
        ]
    },
    "lstm_sigmoid_adam_seq50_clip1.0": {
        "train_loss": [
            0.6919076209482939,
            0.6852970193414127,
            0.654436446707267,
            0.58629157861023,
            0.5162899484643546,
            0.4596485404292946,
            0.4132819506708923,
            0.37216967980727517,
            0.3295940992129428,
            0.2913310569818215
        ],
        "train_acc": [
            0.5344,
            0.54884,
            0.625,
            0.71316,
            0.76836,
            0.80288,
            0.83556,
            0.863,
            0.88664,
            0.90596
        ],
        "val_loss": [
            0.6843946480080295,
            0.6773067899524708,
            0.6322910431248453,
            0.5627779645078322,
            0.5455432546794262,
            0.5251584775993586,
            0.5297698618658363,
            0.5546748694365896,
            0.5797505344709625,
            0.6312755635174949
        ],
        "val_acc": [
            0.56264,
            0.57868,
            0.66376,
            0.72284,
            0.73796,
            0.74588,
            0.75408,
            0.75824,
            0.755,
            0.75492
        ],
        "epoch_time": [
            2.6340599060058594,
            2.6153485774993896,
            2.5942282676696777,
            2.6140856742858887,
            2.62652325630188,
            2.729027271270752,
            2.722221612930298,
            2.639817714691162,
            2.645953416824341,
            2.720879316329956
        ]
    },
    "lstm_tanh_adam_seq50_clip1.0": {
        "train_loss": [
            0.668723660928514,
            0.6016169172113813,
            0.5031555813291798,
            0.4253314233496976,
            0.36382560691107874,
            0.31149460844066745,
            0.26446714733377136,
            0.21814294384501856,
            0.18137115188171643,
            0.14802530157687072
        ],
        "train_acc": [
            0.59288,
            0.69292,
            0.76344,
            0.81604,
            0.84932,
            0.87516,
            0.90028,
            0.92292,
            0.93932,
            0.9544
        ],
        "val_loss": [
            0.6385303139686584,
            0.5787553073042799,
            0.5324097629398337,
            0.5232941801933682,
            0.5267795197799078,
            0.5301060987174359,
            0.5697773447465104,
            0.7418502639702824,
            0.7010436144555011,
            0.7794075138161859
        ],
        "val_acc": [
            0.65372,
            0.69924,
            0.74348,
            0.75884,
            0.76352,
            0.7638,
            0.76176,
            0.75264,
            0.76072,
            0.75472
        ],
        "epoch_time": [
            2.8690807819366455,
            2.8873281478881836,
            2.767254590988159,
            2.5835657119750977,
            2.5806539058685303,
            2.631373643875122,
            2.6578032970428467,
            2.658400058746338,
            2.6684443950653076,
            2.864978790283203
        ]
    },